Batch Size,Total Images,Total Time (s),Avg Batch Time (s),Avg Image Time (ms),Throughput (img/sec),Top-1 Acc (%),Top-5 Acc (%)
16,50000,229.86,0.0736,4.6,217.5,69.06,88.52
32,50000,129.65,0.0829,2.59,385.7,69.06,88.52
64,50000,82.4,0.1054,1.65,606.8,69.06,88.52
128,50000,50.3,0.1286,1.01,994.1,69.06,88.52
256,50000,34.29,0.1749,0.69,1458.3,69.06,88.52
512,50000,28.37,0.2895,0.57,1762.4,69.06,88.52
1024,50000,23.74,0.4845,0.47,2106.0,69.06,88.52
2048,50000,23.23,0.929,0.46,2152.8,69.06,88.52
4096,50000,22.38,1.7217,0.45,2233.9,69.06,88.52
